轮次,日期,时间,主队,客队
常规赛第36轮,2025年03月05日,19:35,北京北汽,山东高速
常规赛第36轮,2025年03月05日,19:35,宁波町渥,新疆伊力特
常规赛第36轮,2025年03月05日,19:35,福建晋江文旅,南京头排苏酒
常规赛第36轮,2025年03月05日,19:35,广东东阳光,辽宁本钢
常规赛第36轮,2025年03月05日,19:35,浙江方兴渡,山西汾酒
常规赛第36轮,2025年03月05日,19:35,九台农商银行,四川丰谷酒业
常规赛第36轮,2025年03月05日,19:35,青岛国信制药,广州朗肽海本
常规赛第36轮,2025年03月05日,19:35,天津先行者,上海久事
常规赛第36轮,2025年03月06日,19:35,北京控股,浙江稠州金租
常规赛第36轮,2025年03月06日,19:35,江苏肯帝亚,深圳马可波罗
常规赛第37轮,2025年03月07日,19:35,宁波町渥,福建晋江文旅
常规赛第37轮,2025年03月07日,19:35,九台农商银行,南京头排苏酒
常规赛第37轮,2025年03月07日,19:35,辽宁本钢,青岛国信制药
常规赛第37轮,2025年03月07日,19:35,上海久事,浙江方兴渡
常规赛第37轮,2025年03月07日,19:35,山西汾酒,广东东阳光
常规赛第37轮,2025年03月07日,19:35,四川丰谷酒业,北京北汽
常规赛第37轮,2025年03月08日,19:35,北京控股,山东高速
常规赛第37轮,2025年03月08日,19:35,广州朗肽海本,深圳马可波罗
常规赛第37轮,2025年03月08日,19:35,江苏肯帝亚,新疆伊力特
常规赛第37轮,2025年03月08日,19:35,浙江稠州金租,天津先行者
常规赛第38轮,2025年03月09日,19:35,辽宁本钢,九台农商银行
常规赛第38轮,2025年03月09日,19:35,南京头排苏酒,浙江方兴渡
常规赛第38轮,2025年03月10日,19:35,北京控股,青岛国信制药
常规赛第38轮,2025年03月10日,19:35,广州朗肽海本,福建晋江文旅
常规赛第38轮,2025年03月10日,19:35,宁波町渥,天津先行者
常规赛第38轮,2025年03月10日,19:35,上海久事,山东高速
常规赛第38轮,2025年03月10日,19:35,山西汾酒,江苏肯帝亚
常规赛第38轮,2025年03月10日,19:35,四川丰谷酒业,深圳马可波罗
常规赛第38轮,2025年03月10日,19:35,浙江稠州金租,北京北汽
常规赛第38轮,2025年03月10日,20:00,新疆伊力特,广东东阳光
常规赛第39轮,2025年03月11日,19:35,九台农商银行,浙江方兴渡
常规赛第39轮,2025年03月11日,19:35,南京头排苏酒,辽宁本钢
常规赛第39轮,2025年03月12日,19:35,北京北汽,青岛国信制药
常规赛第39轮,2025年03月12日,19:35,福建晋江文旅,宁波町渥
常规赛第39轮,2025年03月12日,19:35,广东东阳光,四川丰谷酒业
常规赛第39轮,2025年03月12日,19:35,上海久事,浙江稠州金租
常规赛第39轮,2025年03月12日,19:35,天津先行者,广州朗肽海本
常规赛第39轮,2025年03月12日,20:00,新疆伊力特,深圳马可波罗
